origin,destination,count
128,119,87
129,118,140
129,107,58
118,129,129
128,135,46
129,130,58
87,66,35
76,68,16
125,108,29
108,128,99
119,128,40
128,118,229
128,127,72
127,76,4
97,97,67
128,128,304
118,128,267
129,128,204
128,107,132
117,126,13
145,135,25
128,136,62
129,119,39
118,108,120
128,129,267
128,80,4
108,74,12
85,77,3
129,104,10
108,129,48
108,96,18
129,65,3
118,97,39
118,107,114
108,136,19
128,115,18
108,107,66
108,58,12
77,77,118
77,87,65
77,78,41
48,17,4
46,128,2
87,86,23
86,46,2
47,66,64
66,53,54
80,93,13
93,93,440
107,87,49
77,74,36
74,82,28
125,126,57
135,127,11
118,127,46
119,48,3
47,45,14
87,77,38
67,124,1
78,118,11
124,115,14
137,118,7
118,130,34
118,69,10
125,115,32
125,103,58
103,82,89
82,63,29
125,134,47
134,103,11
92,84,70
71,92,63
93,83,200
82,93,85
107,118,122
117,117,74
117,66,16
107,94,65
93,136,19
136,92,20
93,102,192
102,104,60
93,135,18
126,92,20
102,82,110
84,102,53
102,93,249
102,83,119
102,65,10
83,84,67
97,67,12
66,37,29
36,108,3
106,118,29
118,77,44
58,68,24
79,87,4
97,87,25
108,135,15
115,118,10
87,107,43
107,69,11
69,58,18
108,47,5
77,58,38
72,27,1
28,47,1
117,87,21
102,131,11
134,145,7
102,37,10
47,78,31
75,125,17
94,94,254
94,87,29
87,115,7
115,104,18
104,102,64
102,103,191
92,93,195
53,62,30
102,92,172
102,136,49
112,104,1
92,103,219
92,107,14
58,102,4
58,35,1
67,118,31
67,66,84
67,72,4
130,107,12
77,45,13
67,75,41
108,94,28
75,71,7
83,63,56
63,62,34
66,26,9
67,93,10
103,93,411
75,64,39
54,94,8
94,92,140
136,102,15
83,93,187
66,57,26
77,52,8
53,37,17
66,48,25
77,93,16
114,125,27
137,129,1
129,129,90
129,76,10
66,76,61
84,93,105
92,73,42
83,92,189
103,92,273
113,83,36
73,72,10
53,115,10
94,83,88
74,57,11
66,77,94
77,26,4
25,30,1
30,30,1
94,103,193
92,102,123
65,103,16
93,106,12
94,93,167
93,66,45
66,102,17
93,87,24
88,92,4
83,32,6
128,108,128
107,128,157
92,92,322
103,125,65
125,114,42
115,75,9
114,128,13
129,97,14
96,93,7
94,129,14
68,118,20
108,126,6
126,45,4
37,129,3
108,118,78
102,81,12
92,47,10
27,35,5
71,94,15
94,66,52
83,77,18
63,53,48
145,103,11
82,82,83
102,77,16
77,75,72
76,54,15
54,65,14
74,93,72
103,103,437
102,118,22
53,53,134
83,83,260
103,102,158
53,34,24
53,84,25
94,102,79
94,104,110
104,63,33
37,58,18
76,80,1
83,103,168
83,113,43
83,82,94
93,113,101
92,113,65
103,53,31
56,68,5
57,46,5
26,17,3
17,36,9
45,65,17
75,83,65
129,66,16
92,82,85
102,52,33
102,47,11
74,108,15
139,118,4
137,93,3
104,135,34
144,53,3
63,94,77
74,81,6
72,25,1
25,63,1
119,119,17
130,146,2
138,149,3
138,108,5
68,47,8
66,94,50
103,94,194
125,125,163
104,103,120
75,86,45
86,118,15
108,97,44
87,49,2
75,94,66
76,84,35
94,75,87
75,66,115
85,85,6
85,144,1
135,126,28
93,92,232
82,56,2
102,102,212
118,136,43
136,124,36
124,124,40
94,35,4
35,75,5
93,94,211
93,82,95
82,92,99
93,97,12
93,75,41
94,115,34
94,77,19
75,75,161
75,118,23
93,45,18
64,76,13
76,96,6
96,94,14
93,86,17
124,82,10
82,94,28
113,93,92
93,53,41
52,102,8
94,63,63
63,83,53
82,66,12
66,58,39
57,127,1
118,104,18
94,73,24
73,73,35
77,108,43
130,130,18
130,86,5
86,67,9
66,42,4
103,43,2
53,36,26
45,55,12
66,68,47
67,37,16
36,69,1
66,67,96
67,67,138
45,36,24
93,56,8
66,84,54
94,84,123
104,129,11
130,77,12
66,115,4
103,84,117
77,67,46
66,92,51
102,63,39
53,92,53
93,103,383
107,88,36
77,88,37
54,55,9
67,56,28
46,37,19
46,55,4
69,67,44
77,37,11
53,42,28
43,42,8
43,76,6
82,118,2
118,96,16
117,128,96
128,137,20
137,119,2
118,102,15
93,84,119
103,129,10
138,118,16
137,108,5
93,47,11
93,125,42
124,102,40
93,72,29
72,72,29
83,67,10
78,66,10
76,87,31
76,78,26
88,93,2
33,21,4
21,21,15
21,85,1
75,107,22
107,107,149
107,108,112
108,108,111
118,64,5
54,44,12
52,12,4
84,84,129
84,74,61
74,103,58
83,26,5
26,69,6
102,75,37
74,65,39
102,27,10
26,16,7
36,66,18
74,83,95
102,127,4
107,102,13
83,27,4
36,26,6
37,37,44
36,83,6
65,92,16
66,79,4
68,97,4
106,86,11
86,75,14
74,54,20
53,55,51
65,84,39
84,48,4
48,46,1
87,117,25
97,74,11
71,53,26
33,17,1
48,103,6
102,72,30
67,69,50
64,102,8
73,71,5
128,124,18
124,128,25
108,115,13
104,136,24
75,77,58
88,144,3
104,68,8
43,139,2
129,108,56
102,113,88
104,125,68
125,58,6
106,77,9
119,107,30
108,77,44
88,135,2
93,71,43
93,74,78
53,74,45
80,84,3
74,49,2
69,108,17
108,86,10
75,74,91
55,47,6
34,54,1
44,75,16
32,77,3
74,74,179
74,75,87
74,84,72
74,35,6
35,35,12
44,80,4
94,126,30
126,128,41
84,117,15
73,102,8
53,54,49
74,55,16
74,68,10
75,93,51
84,113,31
129,71,3
93,63,51
68,66,29
66,93,45
93,64,23
54,130,1
118,118,197
118,89,13
124,134,25
134,134,24
92,83,149
88,75,8
75,68,24
67,45,18
76,77,56
67,76,42
27,57,10
57,66,27
128,78,35
22,19,1
26,67,9
117,113,3
64,74,17
84,104,45
104,93,96
115,103,25
118,106,39
128,89,21
130,128,61
118,62,2
62,27,2
27,36,21
36,129,2
92,119,4
83,71,26
82,86,2
82,103,78
21,8,1
37,118,5
106,108,22
108,127,22
128,130,56
68,88,12
128,117,113
126,107,19
63,114,20
124,81,2
52,63,32
92,53,30
63,72,54
144,108,6
113,74,11
145,104,9
113,88,2
97,127,13
125,107,49
114,93,15
103,74,83
128,65,10
77,86,32
77,27,6
76,56,15
68,76,18
76,45,10
68,129,11
118,81,3
85,98,2
138,136,4
136,128,48
119,97,7
117,127,26
129,88,13
118,117,79
117,69,5
77,98,26
128,87,47
119,118,32
129,117,51
78,108,19
88,134,1
134,92,14
103,56,8
128,75,23
107,86,29
129,78,10
87,79,5
79,57,1
87,103,12
76,19,1
15,56,1
85,56,2
77,97,32
128,125,71
71,103,21
102,74,50
84,94,114
74,76,40
103,107,27
107,119,32
97,85,3
68,68,90
128,88,27
128,82,11
73,74,18
98,64,3
76,53,17
103,114,34
113,136,15
146,146,5
146,63,2
92,42,10
66,65,59
65,68,9
117,118,68
114,113,16
102,124,50
126,40,1
84,63,61
103,113,113
126,74,8
86,103,10
83,128,11
125,119,15
92,106,12
92,66,32
94,65,17
107,104,32
104,98,12
98,26,2
118,124,20
124,125,59
114,92,25
108,68,20
78,128,22
126,125,58
125,94,76
102,94,133
104,82,18
106,128,35
129,68,10
68,94,10
118,98,25
118,83,8
119,77,9
78,107,14
77,47,29
76,65,26
118,103,25
128,97,50
55,63,5
84,114,15
125,117,21
117,77,23
67,83,12
126,115,17
115,135,28
126,126,42
63,1,4
62,1,2
21,33,11
22,33,16
33,11,3
21,93,4
45,56,21
56,130,3
118,93,19
45,37,40
47,63,5
35,66,8
35,48,2
76,76,71
67,78,42
87,67,23
45,27,44
37,66,24
65,37,11
35,63,3
82,102,70
82,81,11
82,124,8
53,11,12
103,106,24
97,136,9
144,117,3
107,103,23
44,56,17
71,64,3
96,129,6
83,75,55
135,124,38
124,21,1
52,74,13
66,104,26
85,63,6
94,136,31
126,84,12
135,136,26
125,105,2
49,108,3
84,103,120
76,66,62
86,86,39
89,75,3
124,104,43
53,83,43
73,104,8
128,74,21
87,148,2
138,125,3
82,113,16
56,77,20
77,106,12
107,109,15
92,71,63
63,71,44
126,63,13
53,75,35
84,68,9
66,64,30
83,114,10
103,66,39
93,61,2
61,53,3
136,136,68
136,104,20
135,65,7
67,44,9
92,125,29
94,67,11
78,79,9
103,27,8
27,86,2
84,76,28
102,71,41
86,102,7
145,94,9
93,34,1
44,63,28
64,86,7
74,136,12
125,124,81
137,124,1
125,75,10
94,108,41
94,53,28
115,124,11
97,108,54
108,65,5
74,63,72
94,135,44
134,124,13
126,49,2
49,68,4
67,107,25
104,128,30
125,106,17
84,124,15
45,86,4
103,83,180
93,26,9
36,104,1
104,104,105
104,113,30
63,63,122
62,104,8
102,68,7
80,128,6
93,126,22
104,92,88
103,80,11
18,54,2
75,103,45
67,77,77
77,118,35
74,94,83
94,124,40
85,84,8
67,26,14
37,45,30
46,47,4
53,56,16
56,107,6
118,67,19
88,136,4
146,107,1
108,114,4
136,94,25
63,57,7
58,96,1
113,113,64
113,84,24
113,103,104
66,45,40
45,66,39
48,77,15
75,56,13
56,92,10
45,84,14
76,107,34
107,98,29
66,127,8
128,94,57
93,55,17
55,76,11
94,125,88
125,118,39
118,139,22
103,124,53
62,63,25
63,44,35
66,74,76
92,77,9
92,52,21
92,62,16
93,54,13
93,104,76
89,71,1
73,84,17
75,63,47
63,52,29
86,97,11
97,128,45
128,138,29
138,128,10
130,88,7
136,134,16
75,67,45
79,103,3
124,136,25
125,104,83
107,65,7
75,87,26
67,117,18
117,76,17
97,84,13
84,32,2
75,53,34
97,103,17
75,106,6
66,44,25
53,43,44
62,117,1
117,108,52
136,96,2
106,126,17
108,88,35
88,107,13
56,118,5
128,149,8
128,37,4
66,117,12
128,126,56
125,64,8
52,72,15
102,55,12
84,45,13
94,113,47
115,92,14
127,129,16
129,127,39
129,106,15
106,129,12
87,114,2
104,114,29
58,21,1
117,46,3
45,75,13
125,135,96
136,114,21
71,73,6
75,96,10
77,76,62
57,77,19
63,92,61
93,78,9
78,78,28
88,128,15
114,134,14
145,102,8
104,67,7
37,98,1
119,103,5
45,114,1
45,78,5
67,129,11
125,63,26
11,102,1
135,72,3
134,125,21
144,129,9
128,59,2
69,66,30
66,75,105
65,93,12
36,63,7
48,76,3
45,53,39
27,93,3
103,97,23
96,73,2
64,17,2
108,106,21
106,84,9
84,58,7
65,76,17
85,32,1
33,23,3
33,43,10
82,37,4
58,77,19
86,83,7
103,126,20
125,93,35
102,135,40
135,67,2
128,102,18
103,62,7
52,94,18
94,74,110
75,117,14
128,73,10
136,77,11
128,77,56
77,96,5
96,69,3
68,125,6
124,114,19
77,72,3
125,84,33
113,75,5
65,75,55
63,104,26
135,145,25
103,96,10
98,78,7
88,117,14
107,129,59
98,74,4
78,136,9
68,69,18
46,57,6
130,126,8
136,108,14
88,88,26
78,106,4
79,97,2
97,65,4
74,62,12
63,75,41
136,87,10
76,75,52
86,88,5
76,128,27
130,97,7
67,47,29
47,118,6
98,108,27
76,93,14
87,87,75
88,47,4
67,108,30
76,108,25
88,18,1
37,74,5
37,46,16
77,104,12
129,125,21
125,33,1
11,52,11
67,60,7
78,57,10
57,75,8
56,17,7
66,87,42
128,92,39
83,64,24
118,75,22
32,97,1
68,49,10
58,66,39
106,125,19
125,97,10
138,63,4
66,63,40
87,89,14
87,75,29
76,63,19
73,149,1
148,137,2
118,137,16
56,57,8
83,47,9
37,17,5
68,77,39
68,44,1
87,68,18
68,109,1
108,130,26
74,32,2
33,53,35
75,65,42
65,118,12
129,135,35
136,135,33
127,89,3
76,88,18
68,58,22
77,56,23
56,69,7
67,97,24
98,77,20
77,69,42
69,48,12
27,33,2
53,47,25
11,53,8
84,53,22
117,96,13
96,102,5
113,92,70
98,107,19
136,148,2
128,93,14
94,81,6
118,125,42
97,94,26
94,64,21
69,68,30
67,16,8
58,37,20
67,25,2
67,98,14
108,124,8
124,135,42
118,145,6
145,125,42
52,62,12
84,145,3
124,103,44
74,64,30
64,83,23
98,46,1
48,108,9
119,83,2
75,10,2
77,128,53
117,98,11
108,89,14
77,117,29
118,92,17
96,76,14
76,104,12
103,86,18
86,135,7
135,115,22
115,134,6
124,129,7
107,77,51
77,83,25
74,128,11
67,58,50
58,84,10
84,82,24
114,126,11
127,135,9
135,118,12
135,134,29
135,125,65
134,129,5
144,125,12
125,77,15
53,66,48
129,42,2
58,47,31
128,64,11
84,107,21
68,108,13
135,64,1
64,54,12
75,54,36
54,62,4
64,108,1
64,104,3
97,109,5
64,55,7
54,107,4
75,47,11
47,55,12
115,66,7
65,54,14
55,66,26
66,78,16
55,126,1
55,134,1
56,75,18
56,103,11
56,93,14
65,124,5
55,107,5
55,83,9
102,53,32
115,71,1
88,57,1
66,82,27
106,96,12
96,83,6
82,83,64
92,74,50
68,107,13
98,104,3
145,117,3
98,118,22
145,126,14
68,128,10
119,126,3
115,136,22
88,68,9
85,118,4
124,63,13
63,67,17
55,44,9
44,42,6
82,73,16
73,63,29
62,80,10
107,145,6
102,98,11
54,19,1
36,54,11
63,102,31
36,74,3
93,134,13
134,104,11
104,66,7
72,64,3
80,62,8
45,26,21
104,53,8
128,83,16
73,83,40
103,55,9
55,92,8
135,76,4
69,87,20
118,119,57
103,118,22
107,117,72
135,106,6
108,117,38
118,74,18
96,77,14
77,89,14
106,103,22
74,53,23
66,55,32
55,135,1
84,125,34
128,76,25
87,118,26
104,86,14
76,144,2
94,117,33
106,58,1
125,144,13
124,113,26
88,66,10
77,94,21
77,18,2
18,42,1
77,129,20
119,96,3
107,97,59
98,128,22
129,89,9
125,136,92
75,97,24
97,78,7
107,75,35
47,83,17
73,75,20
82,53,14
62,52,24
86,96,10
67,114,2
125,145,45
136,125,71
126,104,25
69,83,9
75,76,62
88,103,4
63,47,14
69,77,46
136,65,4
74,124,4
78,135,5
145,114,5
114,94,24
103,57,5
58,118,5
117,104,15
84,92,81
77,64,3
96,84,11
130,92,8
82,128,6
104,96,14
106,106,23
106,54,2
64,63,12
63,84,63
106,97,15
75,45,13
36,27,14
16,16,3
16,56,3
63,107,17
63,125,24
108,75,15
88,125,13
104,87,8
87,85,4
108,48,5
48,75,4
129,93,5
135,94,35
125,83,14
107,84,16
83,129,7
107,106,56
107,83,15
108,82,7
71,52,18
42,92,6
70,128,1
78,75,12
71,134,4
82,84,26
63,93,50
108,67,21
128,103,32
103,117,22
107,130,14
117,102,8
83,135,13
146,134,4
115,68,2
68,79,8
67,74,27
92,130,1
117,85,4
102,108,16
102,84,76
102,128,47
125,92,55
102,106,11
118,86,16
65,66,50
102,117,11
102,125,61
84,54,13
54,74,16
94,52,18
53,134,2
115,102,7
26,93,5
136,130,4
129,98,14
107,93,26
126,108,17
108,78,27
129,124,5
107,144,5
144,144,20
135,53,4
63,55,21
136,55,1
54,53,37
62,58,2
52,43,18
62,93,15
107,66,27
96,87,4
87,98,11
145,92,14
93,58,15
136,83,5
86,78,10
92,72,24
83,102,79
128,45,9
71,75,6
71,37,2
71,72,9
21,36,1
36,107,3
108,109,12
130,134,1
146,42,1
11,11,29
11,113,1
53,52,36
55,77,5
87,84,12
113,135,10
148,67,1
83,97,12
97,83,5
113,104,22
97,114,5
92,114,19
94,56,5
92,86,11
145,113,6
134,102,4
92,94,109
124,45,4
46,66,32
125,96,15
125,73,7
104,88,4
87,82,9
84,97,15
127,128,30
145,144,2
93,77,24
97,129,18
84,87,21
104,126,33
128,148,11
138,137,5
63,73,41
66,27,24
26,35,4
35,16,3
37,87,1
47,69,9
69,75,20
48,52,2
52,1,7
56,86,5
98,66,9
58,67,20
66,108,20
87,108,56
89,77,5
89,76,5
76,57,14
84,71,14
63,46,14
46,65,9
134,113,7
66,52,15
88,77,19
88,60,2
117,103,12
125,113,27
77,68,57
125,137,6
56,66,35
69,59,10
97,106,18
127,108,9
108,98,40
98,87,15
108,79,8
88,78,12
89,66,4
108,45,1
37,65,4
45,48,5
67,54,10
76,86,36
76,92,17
103,104,148
67,57,35
80,52,11
68,126,2
103,98,19
125,74,21
84,37,5
75,113,6
145,121,1
108,57,9
47,74,11
67,137,2
108,92,11
104,83,32
76,67,40
87,78,25
107,78,20
78,93,4
83,74,100
76,103,14
118,87,46
72,85,2
86,104,5
76,106,12
128,84,20
129,26,3
129,73,1
125,66,8
118,85,4
22,42,13
43,66,14
130,66,5
96,118,13
129,69,4
69,78,19
78,84,6
63,78,6
76,16,2
26,33,1
63,42,13
107,115,17
96,107,25
75,84,70
56,76,17
87,128,46
130,26,2
46,27,15
75,89,6
89,128,11
75,69,10
103,135,33
126,93,13
103,78,8
76,117,13
97,134,3
104,118,21
96,37,4
107,57,11
129,52,2
97,75,23
75,92,134
118,115,10
125,138,5
128,114,17
136,76,4
108,102,10
103,75,40
77,66,94
84,83,65
92,118,11
118,135,28
117,124,3
77,48,26
18,48,1
130,89,6
103,68,7
53,58,7
58,57,6
58,97,8
97,43,3
114,89,1
104,74,23
68,75,17
52,108,7
66,128,25
44,74,15
66,71,9
47,44,9
44,83,6
73,93,32
113,102,54
145,115,10
115,126,21
92,89,3
74,52,20
52,76,10
63,66,31
135,92,32
82,77,1
97,25,1
113,72,7
103,145,14
106,135,5
135,74,13
74,107,16
130,74,3
119,135,3
108,87,52
77,53,10
83,126,12
117,119,28
119,108,29
113,94,40
94,128,66
128,106,44
106,52,3
53,64,26
83,65,26
62,84,13
104,65,5
104,78,7
54,27,2
33,22,11
53,44,66
84,85,6
59,108,3
128,69,10
63,82,30
137,66,2
66,66,245
21,43,4
62,57,3
48,26,4
134,126,7
149,124,2
135,75,10
107,126,29
63,119,2
117,107,50
114,63,7
45,63,18
62,83,19
87,129,10
83,124,14
113,125,16
81,63,2
82,107,6
119,138,5
136,66,4
62,102,8
54,54,34
83,66,52
84,75,78
32,92,4
72,103,10
94,82,37
113,128,10
149,138,3
75,58,14
119,129,24
127,94,9
114,145,9
64,67,6
93,52,18
43,74,11
94,44,7
63,80,13
113,73,2
102,45,10
46,63,5
63,85,6
71,104,8
54,76,8
76,118,22
94,78,12
71,18,2
54,73,9
75,135,8
124,92,29
103,65,17
125,128,61
128,47,7
128,109,13
70,108,1
119,93,5
115,87,5
87,145,2
75,46,9
36,47,6
57,55,2
27,53,8
129,136,21
103,127,5
107,136,31
126,65,1
75,37,4
118,49,4
87,94,18
107,135,23
108,37,4
117,97,17
76,130,3
117,88,17
104,115,22
107,85,6
104,72,3
73,82,16
36,18,10
17,45,2
17,28,1
16,26,1
58,78,11
78,65,8
52,107,3
53,102,22
83,45,10
124,126,40
134,135,9
126,96,5
86,87,20
127,138,3
118,88,17
47,65,7
83,88,1
118,109,19
103,72,22
73,92,38
94,62,15
83,44,7
44,53,71
73,77,5
134,121,2
118,65,7
98,119,9
86,63,9
117,125,21
135,135,45
118,82,7
89,93,4
136,27,4
45,94,10
118,58,2
76,94,26
136,117,11
27,58,11
97,107,41
63,81,6
93,128,18
77,65,21
63,76,21
97,76,12
67,42,3
84,78,12
69,127,6
145,93,5
136,32,1
114,135,19
136,107,12
126,103,14
114,76,3
87,102,9
134,128,8
119,117,9
88,76,6
58,115,2
58,127,5
128,86,18
93,138,3
126,77,8
118,47,4
33,42,7
67,92,12
53,63,59
72,53,20
53,145,2
97,68,11
66,56,23
53,93,38
104,124,35
67,104,4
52,75,12
69,130,4
78,113,2
84,146,4
84,64,22
74,44,12
113,56,3
82,62,16
66,88,17
127,84,3
84,66,46
83,108,12
127,117,11
135,128,25
128,98,22
103,144,7
135,103,19
103,87,20
136,127,13
104,33,2
43,53,35
54,87,5
87,125,13
56,67,33
87,88,19
144,107,7
136,145,19
127,78,2
129,18,2
66,72,9
86,72,3
83,87,15
130,108,32
97,66,16
106,107,24
139,115,2
78,67,17
107,138,3
107,96,46
138,119,3
118,63,20
43,32,12
32,63,4
84,134,7
84,119,9
104,119,5
117,67,11
68,74,8
58,98,5
67,128,40
108,119,32
65,67,18
117,65,4
59,66,7
80,65,1
82,74,27
65,96,4
85,52,2
97,77,28
97,96,14
117,89,4
126,86,4
126,145,16
64,62,3
65,36,10
53,45,63
44,69,3
66,46,21
93,43,8
62,92,36
93,124,28
145,136,16
129,74,6
128,113,15
126,94,21
83,94,102
28,53,1
53,65,40
75,85,11
33,63,8
71,71,48
67,87,49
67,136,5
136,144,7
44,52,18
93,12,1
52,52,89
53,57,9
87,56,3
33,45,2
55,53,19
65,77,24
106,75,4
74,102,32
113,42,2
1,53,5
53,21,16
22,53,24
65,56,13
80,80,7
83,73,34
52,104,12
80,134,1
22,52,17
71,81,6
68,130,7
94,114,48
127,74,2
78,69,7
46,53,13
107,62,3
103,108,26
114,107,10
107,82,3
97,92,13
43,72,2
128,104,22
104,108,19
57,74,12
104,52,7
75,55,29
113,115,7
115,109,1
128,68,21
107,72,2
124,138,1
136,72,1
93,46,6
47,53,6
63,65,27
93,57,5
98,129,6
96,45,1
96,26,1
27,48,7
58,74,11
125,129,25
128,63,14
129,64,5
87,97,28
77,114,2
127,92,6
106,74,7
136,118,26
69,82,5
102,134,25
134,83,6
107,68,9
69,49,5
27,17,14
27,74,8
118,94,31
76,58,12
76,83,13
77,125,27
92,48,3
48,68,13
93,98,7
98,65,3
27,45,22
87,72,4
57,52,1
66,124,5
66,18,9
37,93,4
102,107,24
68,26,3
56,104,3
88,104,1
82,75,12
135,144,9
94,86,35
146,127,1
134,93,3
127,107,24
117,106,22
93,114,25
37,26,18
36,53,20
93,76,19
96,106,8
126,127,7
88,63,2
130,148,1
52,92,25
53,71,46
72,63,29
52,53,22
66,129,13
113,76,4
37,97,4
47,76,10
27,118,3
135,93,15
103,128,37
119,125,5
96,135,3
145,80,1
71,144,3
103,136,30
136,57,1
115,125,28
135,52,2
62,56,7
98,86,4
136,93,15
94,45,12
56,65,17
67,48,25
66,47,52
117,86,5
128,10,1
11,128,1
128,96,10
128,62,3
56,24,2
98,125,12
94,76,30
98,94,10
98,136,6
98,102,5
76,71,3
62,45,8
48,40,1
74,66,63
130,136,6
126,87,11
135,97,5
119,130,15
130,53,1
118,76,19
115,83,11
63,118,15
44,33,6
53,124,4
55,55,25
74,113,10
83,55,10
130,119,20
130,76,3
67,68,56
88,97,12
57,57,34
67,53,23
27,44,5
53,22,41
104,144,6
115,93,15
66,83,49
102,145,23
21,10,5
10,64,1
71,69,2
97,135,9
144,87,6
87,144,2
113,53,6
103,36,11
37,56,17
27,67,11
114,137,5
144,102,20
135,88,3
58,45,9
58,94,5
63,86,21
104,94,86
94,118,34
136,47,2
27,16,11
36,42,5
113,118,10
64,70,1
130,117,5
72,102,14
102,88,6
88,54,1
73,54,6
83,62,23
74,92,54
107,71,5
113,82,23
78,117,11
117,93,15
129,103,5
104,75,24
96,137,2
87,53,3
73,65,6
86,93,6
64,56,3
66,97,31
97,118,28
107,134,3
107,46,3
129,138,22
107,127,24
129,92,10
63,124,14
125,102,30
138,129,6
63,77,16
109,128,2
118,84,16
108,149,1
93,33,2
104,107,26
53,106,8
53,76,14
92,87,12
145,124,17
93,107,26
107,137,4
83,138,2
93,115,27
93,117,18
63,135,12
129,126,21
107,74,17
102,126,28
144,124,7
66,107,32
66,103,40
74,71,9
109,103,1
87,83,14
97,102,5
103,42,8
124,37,1
128,144,3
135,79,2
67,63,15
73,53,10
118,126,24
115,128,16
106,98,5
98,68,10
75,52,14
62,74,12
78,125,7
76,64,9
130,129,40
118,57,5
66,85,9
87,93,22
74,43,18
44,48,3
80,83,6
108,145,12
145,130,3
87,92,16
17,58,1
77,135,12
80,53,14
53,35,20
44,103,2
102,73,22
63,129,4
34,53,4
62,21,4
22,62,7
83,72,24
103,77,15
32,71,2
52,145,2
75,44,22
44,68,2
76,97,19
53,32,16
22,72,4
52,77,9
67,138,2
138,138,18
144,60,1
60,106,1
77,85,7
86,107,17
146,129,2
74,58,13
63,58,10
108,144,6
52,121,2
134,146,3
136,103,24
118,68,9
47,35,4
76,36,5
96,63,4
96,96,24
96,119,7
117,37,3
96,125,10
96,88,5
96,108,12
77,126,11
130,58,3
87,22,2
21,53,27
118,53,4
86,77,15
55,72,3
63,68,18
128,27,2
58,117,4
65,87,12
97,45,3
81,93,5
81,83,4
65,53,27
53,72,24
102,80,13
134,84,7
45,76,11
27,27,61
27,47,21
26,45,11
69,128,14
71,61,1
135,107,13
97,63,3
62,103,11
45,92,23
47,77,45
56,52,15
53,107,9
94,89,6
94,107,67
119,56,1
56,63,7
44,67,11
76,43,6
33,92,7
104,55,2
96,66,17
96,53,6
96,75,9
125,146,8
114,97,4
130,118,30
119,54,1
54,35,3
86,94,13
87,135,13
117,73,6
135,113,13
74,86,18
137,103,6
145,63,4
136,63,7
72,71,5
71,82,15
126,136,19
74,104,26
114,27,1
47,98,5
115,63,6
113,130,2
32,52,7
80,124,1
125,130,8
102,76,14
37,44,7
44,22,5
42,77,2
77,127,10
26,53,6
45,44,28
54,75,24
74,72,15
103,71,40
1,65,1
75,78,14
54,102,3
107,125,54
115,107,15
135,45,2
45,18,14
26,66,11
87,127,11
66,73,18
72,52,12
52,136,6
126,75,10
27,18,16
107,76,20
106,130,3
78,144,1
117,45,6
139,97,1
139,126,1
126,16,1
77,115,5
58,129,5
144,32,1
44,45,23
44,92,11
44,94,5
44,119,4
44,102,2
130,63,3
67,84,18
42,62,7
67,125,7
47,27,21
94,42,7
22,36,3
46,56,13
103,115,16
86,74,12
129,87,18
93,118,23
89,86,2
86,92,8
55,93,7
83,42,6
119,69,2
77,84,25
124,118,7
102,87,20
128,66,15
75,128,17
126,106,7
42,71,3
71,118,2
118,71,2
71,42,5
128,56,4
83,107,17
107,92,30
106,104,15
125,87,21
22,71,4
77,57,42
57,67,18
76,115,4
58,56,4
56,47,16
36,48,6
84,135,15
78,47,4
46,77,6
45,68,3
69,117,4
78,77,21
74,135,12
66,106,18
84,73,25
84,88,8
102,35,7
106,63,7
114,49,1
48,36,7
44,65,31
92,45,14
103,73,18
57,92,4
44,66,20
63,34,5
97,86,12
114,83,7
126,73,3
71,62,20
86,84,14
94,71,26
64,85,3
109,67,2
74,36,12
84,36,4
72,83,10
144,56,2
67,64,8
77,107,47
92,70,2
129,134,10
77,73,6
113,134,9
103,52,11
63,74,66
87,69,15
113,65,3
75,104,15
125,76,13
75,82,25
106,94,16
56,37,14
98,109,3
33,62,6
22,92,10
52,84,17
42,53,11
77,124,7
124,66,4
65,64,25
52,42,21
42,66,4
53,96,8
117,94,16
103,64,14
107,25,1
16,48,1
58,48,17
72,93,21
86,125,6
115,117,11
117,59,4
89,103,1
86,113,1
104,84,50
75,102,29
103,58,7
64,64,18
65,128,13
83,104,25
114,115,5
104,97,13
103,67,11
117,62,1
62,47,3
47,129,2
118,55,7
66,134,1
128,134,12
103,146,3
92,63,42
82,76,7
64,93,11
135,77,9
66,86,34
54,67,7
135,84,10
114,74,4
92,75,27
125,52,9
66,36,22
52,81,6
81,103,4
67,96,6
144,92,11
118,27,2
65,65,63
65,62,5
65,55,22
127,106,8
43,37,2
92,44,6
74,87,20
107,22,1
129,56,2
56,45,11
67,27,15
56,53,22
43,63,14
67,55,13
69,118,24
69,57,15
69,139,1
139,139,2
67,65,20
93,18,3
18,47,7
130,109,4
108,104,16
78,97,6
63,45,23
45,58,11
86,66,17
84,77,22
138,36,1
63,108,11
67,94,9
119,127,6
128,48,8
48,27,8
73,119,2
63,36,12
130,52,1
55,35,6
35,45,3
36,76,7
43,22,17
22,76,3
56,46,9
46,26,3
66,43,21
75,35,9
125,98,11
88,69,5
21,57,1
127,67,5
73,86,5
77,79,11
144,84,10
83,52,19
53,40,1
125,26,1
73,66,15
65,43,8
62,62,31
62,125,7
53,33,33
78,87,11
97,104,20
58,63,6
129,145,6
134,75,3
73,45,2
27,37,22
65,85,5
85,87,7
107,64,10
135,104,26
56,44,10
65,69,4
69,76,17
26,26,28
86,108,9
103,139,1
56,83,12
52,22,21
83,76,24
83,56,9
136,126,27
94,32,4
55,27,7
62,134,1
113,45,2
55,64,10
55,108,3
127,118,31
128,43,5
84,69,3
68,124,2
54,47,7
47,47,22
102,86,11
66,59,10
59,67,1
78,88,18
77,92,16
42,94,4
42,106,1
62,53,36
61,47,1
47,67,36
115,113,4
75,36,9
36,43,3
53,80,18
73,114,2
135,108,10
71,124,7
114,124,18
84,115,11
65,45,22
107,89,9
76,74,37
146,128,5
117,138,4
138,56,1
83,69,1
87,74,17
106,88,4
88,126,3
45,16,4
8,58,1
68,73,4
45,45,72
27,56,13
82,72,12
145,84,10
94,96,15
107,67,26
65,136,4
65,119,2
77,63,2
37,77,13
87,76,25
114,84,11
103,22,5
114,66,7
65,63,18
46,82,2
58,69,15
45,125,1
75,115,8
62,94,19
37,84,5
145,116,1
127,127,33
47,54,11
53,126,5
16,28,1
88,119,4
124,84,6
124,107,8
77,82,8
92,108,8
78,18,2
26,37,19
71,128,2
55,94,7
54,45,20
44,44,46
65,34,3
53,69,9
66,62,8
78,127,11
117,78,5
55,103,6
48,49,1
75,79,7
76,52,10
53,144,5
144,63,5
102,62,24
124,108,6
102,146,10
74,127,4
96,97,12
75,57,12
75,129,8
136,97,8
102,21,6
22,63,7
62,82,4
130,114,1
54,117,2
114,104,25
103,134,15
86,47,4
104,145,10
82,58,3
56,144,1
145,76,3
124,87,3
129,113,5
47,82,6
82,32,1
93,27,10
104,42,5
73,125,10
62,22,13
93,130,6
107,113,10
83,125,16
135,42,1
53,82,18
52,10,8
33,65,4
46,52,4
55,79,1
53,77,13
77,102,9
45,64,10
92,135,26
106,87,19
72,98,2
71,83,21
82,80,2
80,102,6
93,112,1
93,37,5
37,85,1
22,43,8
43,65,7
124,93,24
68,59,3
56,74,13
36,65,7
54,83,10
82,71,15
56,87,6
108,53,7
53,68,5
107,124,9
84,128,29
58,136,1
48,65,4
98,56,3
75,124,4
47,52,6
64,92,8
52,93,25
77,32,4
102,130,5
130,78,8
144,74,8
53,26,16
12,11,2
83,35,5
26,25,6
36,93,7
74,78,9
129,94,19
107,146,3
64,145,2
136,74,9
73,103,25
129,77,15
72,86,1
144,106,3
73,62,4
71,84,9
94,97,29
54,63,9
63,35,15
55,52,3
42,121,1
53,17,2
92,124,28
65,104,4
84,56,12
84,65,31
84,52,10
62,68,3
127,98,4
130,48,3
78,98,7
130,68,5
46,46,16
66,17,5
55,102,5
66,125,17
126,83,5
71,97,1
79,108,4
97,56,3
74,144,7
88,89,3
87,44,2
63,88,9
68,48,11
145,128,15
106,67,6
67,102,10
46,86,1
62,146,1
102,64,14
72,128,4
117,136,18
74,56,5
52,45,11
80,103,7
52,113,1
80,68,1
82,88,2
53,117,5
55,129,2
134,131,1
134,53,2
63,48,4
55,82,5
74,126,5
102,36,17
45,52,22
37,67,10
36,19,2
19,19,3
45,82,4
37,59,9
65,82,11
75,98,11
66,114,11
102,32,5
58,36,9
27,34,3
34,94,1
76,127,5
85,96,1
83,68,11
43,77,3
54,52,10
53,125,10
80,144,2
125,62,2
63,103,34
57,49,3
49,118,2
11,33,5
53,78,2
115,77,2
89,89,6
58,58,55
58,108,8
118,144,2
63,43,5
115,94,26
75,48,10
48,66,16
76,35,4
56,26,6
52,44,17
44,12,1
22,68,3
52,65,18
42,128,2
144,103,27
103,76,19
125,78,6
54,64,9
63,64,18
145,83,4
117,57,5
1,32,2
32,84,3
74,129,9
52,71,9
80,125,3
55,117,5
71,63,22
71,125,7
84,25,1
114,136,13
136,138,10
126,118,18
135,146,3
85,92,3
94,72,17
84,44,11
64,66,14
94,46,3
93,36,9
35,53,7
52,55,12
27,136,2
126,119,4
107,47,3
82,136,2
48,87,3
78,44,2
87,62,1
64,82,5
118,113,16
77,119,15
146,103,8
106,83,11
117,68,4
108,83,8
77,16,1
47,37,19
96,67,5
96,86,6
119,94,4
27,26,7
56,128,7
78,119,10
144,139,4
64,45,10
74,125,25
83,53,22
71,93,39
75,42,3
43,102,6
67,28,2
92,115,13
69,104,5
145,87,3
68,82,5
75,127,5
57,87,7
117,129,24
76,17,3
88,115,3
74,67,37
66,98,14
43,44,6
66,135,7
145,129,10
58,52,1
66,29,2
74,96,8
47,56,16
33,52,11
92,104,39
74,22,6
96,103,10
128,35,1
46,67,12
45,103,14
22,74,7
92,36,6
97,125,10
59,21,1
21,94,6
46,54,4
68,104,2
126,130,6
47,18,11
44,28,1
54,68,3
66,130,6
130,125,6
63,128,8
74,118,13
108,84,9
102,144,9
113,124,17
83,54,21
86,76,12
56,58,7
74,77,17
36,36,21
63,87,22
44,62,9
27,65,6
113,66,8
87,45,2
11,75,1
32,54,2
52,114,6
74,34,2
54,92,10
33,93,5
114,73,1
114,117,3
85,78,5
71,102,20
103,148,2
137,98,5
129,75,5
103,88,9
83,115,12
73,52,7
55,78,2
54,93,5
84,136,16
113,62,2
53,138,4
108,46,4
44,77,3
53,94,29
87,96,13
86,65,7
65,70,1
71,80,8
124,65,6
49,82,1
64,65,16
113,68,4
56,102,5
61,92,1
125,32,3
22,11,4
69,93,1
102,115,21
47,68,10
36,44,7
93,73,31
92,88,7
32,44,6
63,127,5
117,137,2
46,17,4
45,67,11
126,102,9
75,32,5
33,85,1
113,71,8
87,130,9
119,136,7
71,76,2
94,98,38
102,129,11
33,33,25
33,74,3
33,104,2
63,32,12
63,115,8
43,55,8
55,67,16
67,113,3
74,80,2
119,67,6
52,80,11
67,106,5
127,125,19
128,26,5
69,107,15
44,37,5
27,49,2
26,58,4
36,67,8
102,66,32
66,118,18
66,8,2
53,130,6
74,45,10
74,106,7
77,144,1
104,127,4
57,128,10
89,125,2
54,22,4
16,85,1
102,23,1
43,43,32
10,108,1
44,27,4
44,46,4
48,58,5
69,27,4
84,118,11
56,56,29
117,63,4
83,136,13
137,94,1
117,18,1
26,92,4
124,74,9
126,117,9
53,27,15
37,27,16
48,37,11
64,34,2
63,22,22
118,114,2
68,57,8
117,92,16
106,127,8
129,137,8
93,148,1
118,134,7
145,134,7
134,119,2
26,77,9
104,106,17
57,88,6
86,79,4
64,94,12
74,46,10
21,11,11
117,135,11
114,131,1
124,121,1
126,124,32
129,58,7
76,46,6
118,56,2
103,63,41
102,44,14
89,88,3
97,117,16
43,64,3
126,135,21
119,98,7
109,56,1
66,49,10
88,59,3
37,35,8
16,83,1
43,67,5
49,75,1
113,52,4
69,35,1
67,18,7
58,93,4
67,119,8
65,49,5
57,59,2
84,22,2
76,22,3
21,75,3
113,114,14
66,23,1
52,103,8
109,129,5
69,85,1
27,7,2
74,73,22
134,64,2
1,42,5
118,149,3
124,96,5
94,95,2
125,127,15
118,148,2
134,77,1
33,82,2
103,35,10
35,103,3
1,22,6
62,33,6
58,46,6
68,62,2
63,56,7
45,62,5
76,124,5
63,10,7
137,115,1
92,21,4
129,115,6
107,17,1
48,57,5
98,126,9
135,68,3
68,60,1
144,118,9
64,128,3
62,11,4
10,36,1
36,46,4
44,145,1
137,128,11
89,118,8
106,66,14
83,81,12
76,49,4
16,94,2
130,94,4
75,73,12
94,19,2
36,73,2
98,98,35
88,98,8
88,87,18
145,145,17
139,119,1
26,65,5
22,107,2
21,92,8
27,119,2
81,64,1
58,87,8
146,125,12
124,72,2
67,59,11
65,83,23
83,86,10
86,130,5
108,125,14
125,80,4
136,129,19
97,89,11
89,130,1
62,55,7
55,74,19
47,57,7
43,83,7
54,103,4
65,22,3
44,125,5
127,68,4
65,73,8
84,55,14
93,119,7
130,103,4
83,106,4
53,87,7
32,43,5
48,48,13
129,86,4
42,67,3
56,18,4
17,67,3
47,46,6
48,18,4
67,109,5
109,94,2
47,70,1
26,84,4
37,126,1
44,73,4
16,68,1
97,58,3
88,109,5
106,76,13
56,27,13
44,146,2
145,52,2
53,73,22
52,85,1
42,43,5
126,76,9
88,96,1
47,17,6
17,56,2
58,128,5
66,148,3
37,138,1
128,61,1
104,73,10
73,137,1
26,27,8
18,93,3
76,135,8
145,108,2
85,66,5
94,58,8
56,43,4
94,145,9
75,88,8
88,16,1
36,62,4
62,67,3
129,149,8
108,42,1
42,32,7
49,67,3
73,49,1
62,76,3
44,64,6
72,62,14
62,65,6
22,22,21
115,144,3
134,136,13
136,109,3
129,84,7
1,63,1
106,139,1
138,126,5
57,16,1
26,49,3
57,119,10
118,48,5
68,42,1
66,35,10
45,19,5
25,45,2
18,45,5
27,46,10
32,65,1
76,125,16
134,71,3
130,25,1
67,73,3
92,149,4
47,128,16
26,83,3
136,84,13
36,77,5
103,45,18
81,42,1
74,16,3
108,138,6
79,78,6
68,92,2
76,44,9
54,42,4
68,72,2
71,68,2
92,64,17
70,74,1
47,107,10
103,119,8
118,44,10
71,33,3
128,121,1
81,55,1
26,18,4
84,47,7
119,76,5
76,136,5
62,44,14
115,57,1
136,115,23
55,36,2
21,22,5
43,56,6
83,57,7
88,108,17
108,63,9
58,88,5
94,127,18
108,93,10
129,27,2
65,94,15
93,32,2
92,128,19
115,98,4
89,119,6
84,106,6
93,108,13
52,18,2
36,87,3
109,125,1
45,93,19
27,103,4
37,68,9
37,53,16
44,54,30
118,79,5
33,31,1
73,87,6
127,55,1
67,36,10
69,119,4
114,144,2
12,63,1
63,12,4
55,26,1
25,16,1
25,25,1
16,45,4
25,27,7
66,137,3
146,87,3
65,113,2
48,93,5
135,66,7
65,135,5
106,65,4
65,145,4
94,26,1
102,19,1
118,26,3
26,48,9
54,126,1
128,58,13
55,45,8
87,36,2
27,55,8
54,46,7
93,81,10
66,89,9
136,137,15
108,103,15
135,98,5
125,27,2
113,108,7
107,55,2
137,137,9
63,54,15
75,108,13
119,78,7
46,62,3
72,92,22
136,36,1
47,94,14
144,136,8
48,118,3
65,72,6
54,97,3
102,114,41
114,118,6
75,136,4
138,124,2
83,118,5
92,126,14
125,121,2
136,86,1
66,54,17
45,108,2
45,22,3
22,117,1
130,44,1
11,43,5
37,102,4
48,47,4
58,135,4
129,67,4
92,56,6
32,118,2
127,97,7
107,32,1
32,93,3
126,97,8
57,76,10
126,146,3
80,92,9
49,65,2
55,75,20
66,10,2
56,35,4
45,57,7
56,84,18
106,124,6
64,48,1
37,92,5
56,125,6
76,119,4
49,57,1
59,109,1
119,88,10
75,28,1
27,66,13
87,58,7
72,84,9
102,26,7
102,42,11
43,94,6
56,137,1
117,52,3
45,47,20
84,127,7
114,127,3
98,106,4
72,54,2
37,88,3
96,126,5
136,89,4
124,83,10
123,124,1
79,79,17
149,149,21
149,117,2
58,18,4
119,75,8
68,34,1
56,88,2
78,59,5
59,59,6
82,55,4
124,58,2
76,55,4
76,102,4
17,26,1
55,65,11
65,106,5
87,106,13
67,86,17
26,8,2
18,36,5
27,29,1
74,114,3
74,97,8
66,145,2
54,26,1
84,126,12
114,103,17
103,81,6
21,13,3
62,72,31
62,24,1
62,42,14
52,66,15
37,83,7
56,34,2
86,37,1
65,27,6
36,32,2
33,37,1
36,103,5
130,87,11
88,129,8
103,138,3
106,93,12
103,33,2
47,81,1
127,114,3
82,54,4
48,67,24
36,55,6
119,63,3
47,58,24
57,68,7
145,127,6
79,67,6
85,103,6
36,75,3
36,96,1
106,115,7
26,74,4
27,69,3
146,117,1
24,17,1
127,104,5
82,64,11
64,75,17
93,80,6
80,71,8
67,103,10
46,16,3
145,74,4
83,78,5
125,88,6
149,128,4
129,53,2
53,12,7
118,138,14
62,71,24
128,17,1
97,88,12
108,64,6
130,104,3
86,106,8
127,88,4
108,76,12
128,53,3
44,43,9
70,27,1
26,128,5
130,84,1
130,106,2
113,36,2
77,49,7
86,114,1
76,48,4
92,136,14
86,136,5
94,144,10
137,138,2
68,87,14
53,103,32
134,88,1
54,32,3
87,57,13
27,64,1
79,69,5
98,97,7
97,79,6
67,52,8
93,48,3
69,96,2
93,144,3
57,125,3
98,76,6
45,17,18
37,69,8
82,104,7
21,45,1
86,119,4
36,125,2
32,56,4
65,46,5
45,83,18
54,72,4
98,89,8
103,130,3
82,129,2
49,97,3
34,44,2
138,94,4
64,73,8
149,73,1
85,55,2
71,45,5
65,74,26
98,88,10
130,37,1
71,88,1
80,81,1
115,58,2
114,114,33
78,129,8
128,139,12
97,37,2
36,17,10
54,77,4
32,86,2
106,117,13
119,145,2
40,102,1
128,81,2
22,47,2
68,54,7
64,27,1
68,64,3
47,24,1
106,119,5
73,78,5
107,49,5
144,16,2
68,56,7
65,44,22
74,69,9
74,88,9
21,32,15
74,117,7
35,27,3
52,134,1
144,54,6
73,126,3
53,10,4
11,136,4
118,66,24
98,35,1
125,65,7
68,43,3
27,94,4
106,102,4
92,27,4
47,43,4
106,82,4
56,16,5
26,56,5
128,67,16
44,13,1
54,125,4
96,128,7
102,56,6
102,28,1
68,106,2
22,118,1
130,67,8
130,47,2
42,22,13
10,22,3
69,60,2
88,45,1
56,96,2
125,43,5
65,115,3
63,136,12
73,94,15
75,139,2
55,62,1
63,146,2
93,19,1
83,34,2
62,18,1
65,89,3
104,64,6
104,80,2
68,67,19
44,57,5
118,43,2
103,37,3
126,53,3
63,117,5
87,73,4
106,92,8
130,69,2
135,102,9
113,126,4
66,69,21
89,65,1
73,128,5
25,17,1
46,108,4
46,69,1
67,115,4
36,16,7
109,108,2
88,130,3
85,127,1
97,42,2
45,107,2
45,104,5
115,67,3
67,130,11
82,125,10
148,128,2
138,127,9
138,74,2
45,54,18
36,37,12
18,37,7
26,129,4
67,88,23
98,59,1
58,49,8
73,26,1
18,49,1
54,66,14
37,25,4
106,45,1
85,22,1
72,119,1
52,11,5
21,128,2
94,11,2
21,27,6
36,78,1
72,94,7
62,145,3
115,76,2
86,128,11
96,74,6
44,72,2
84,67,11
26,109,2
67,43,6
27,22,7
42,70,1
144,64,3
52,32,12
87,136,10
97,53,4
84,86,23
52,46,3
66,109,2
67,79,14
92,22,4
21,66,5
92,97,7
114,149,1
139,68,1
66,34,3
73,32,2
102,109,2
134,63,4
97,113,2
144,138,2
144,82,3
102,54,9
43,75,13
94,47,5
27,8,3
126,138,7
76,89,3
75,18,2
27,92,6
21,1,5
1,1,6
131,92,2
17,37,6
35,55,3
103,25,1
26,46,1
46,103,6
37,8,3
26,3,3
85,104,3
76,47,16
114,102,23
76,72,6
58,73,1
87,126,9
58,27,11
58,103,3
69,73,1
58,92,4
102,46,11
77,43,5
103,69,2
82,47,4
43,71,5
71,107,3
54,136,2
135,26,1
46,35,1
35,117,1
94,106,21
21,62,4
28,35,1
94,54,12
67,24,1
52,87,5
103,47,2
64,26,1
26,47,6
88,86,3
107,114,8
104,138,7
35,47,3
37,36,9
118,78,26
1,52,6
78,68,10
126,129,8
57,72,1
97,138,4
96,33,1
77,136,10
1,62,4
37,108,3
77,46,10
18,66,1
37,75,12
75,144,5
18,78,2
58,60,1
58,86,7
107,18,2
18,27,11
37,57,6
73,64,12
50,57,1
58,83,9
138,98,2
83,139,2
104,71,10
26,76,3
53,136,5
76,59,4
42,11,4
18,94,1
43,46,4
52,47,7
44,93,5
93,44,10
53,108,4
62,66,10
67,134,2
124,145,12
62,75,8
52,82,10
79,75,4
27,24,1
62,81,6
128,57,7
130,57,3
68,93,7
125,44,3
73,46,3
52,33,16
10,43,1
10,21,3
11,54,3
49,63,1
49,73,1
73,22,1
11,107,3
82,87,8
47,59,5
67,135,8
59,60,2
58,72,2
58,8,4
58,76,7
45,118,7
67,89,11
48,69,8
56,73,2
65,35,6
118,28,1
43,82,2
87,63,10
113,63,12
42,107,1
71,108,1
45,74,8
106,134,4
113,146,2
125,22,3
71,66,5
46,32,1
102,33,6
106,68,3
21,52,25
52,58,4
58,17,1
33,75,3
76,79,2
98,138,3
92,81,12
67,1,1
33,103,2
69,22,3
32,76,2
25,8,1
127,119,5
109,97,3
53,48,9
26,59,3
8,44,1
85,108,2
82,11,2
103,54,7
117,115,9
42,76,2
63,21,2
85,59,2
94,36,8
102,121,2
74,98,4
114,138,1
144,68,2
94,55,8
55,97,4
65,1,1
92,145,7
114,82,7
59,57,2
62,64,7
112,16,1
26,36,9
45,87,7
62,23,2
22,55,2
62,86,1
18,56,1
64,103,6
72,125,2
63,113,8
66,70,2
77,103,9
130,45,1
78,55,1
55,84,17
86,126,4
53,113,7
56,82,9
104,134,19
145,146,2
135,83,5
55,54,9
135,129,14
97,73,2
134,22,1
52,115,2
130,135,4
130,27,1
130,71,1
21,103,3
127,126,6
47,136,1
115,45,1
65,88,2
79,94,1
126,148,1
106,137,3
83,149,3
82,35,4
102,119,9
102,149,1
81,126,1
52,83,17
108,148,1
96,117,7
86,53,4
55,58,2
87,37,2
48,25,1
82,134,2
63,121,1
135,86,6
86,139,1
126,58,1
57,89,2
26,57,2
98,83,2
27,108,3
85,48,2
78,74,9
117,84,8
134,114,12
144,94,10
56,115,2
64,89,2
35,77,1
86,48,1
56,117,6
76,113,2
80,33,2
119,106,7
115,43,3
72,108,3
129,148,2
104,85,6
92,35,6
69,69,27
46,58,8
58,126,1
47,84,7
66,96,14
93,127,5
68,98,10
78,134,3
145,97,3
17,16,1
135,95,1
97,124,4
127,136,12
69,37,5
126,113,5
63,59,2
56,119,2
144,88,3
106,37,1
21,18,1
65,42,4
42,63,5
84,108,15
136,68,4
138,22,1
71,86,2
118,42,2
22,24,3
131,131,3
131,78,1
26,28,1
27,62,5
81,53,2
84,144,2
63,89,4
89,107,7
135,114,12
106,123,1
124,94,27
144,135,20
59,22,1
69,47,6
146,93,1
71,113,5
22,65,2
73,37,2
37,63,2
75,80,4
69,97,10
98,93,3
44,117,2
89,108,12
43,52,12
44,55,10
57,83,10
76,126,6
88,118,10
87,104,7
146,138,3
115,145,7
108,113,8
102,67,13
98,75,6
138,68,2
130,8,1
65,47,6
98,67,8
72,113,3
92,76,12
135,120,1
66,149,1
149,86,2
43,103,4
57,69,6
44,17,4
126,105,1
105,129,1
21,64,2
52,137,4
52,56,10
17,19,1
93,21,2
69,56,4
56,55,4
47,26,11
26,23,1
36,58,4
98,103,6
86,27,2
37,78,4
78,89,9
89,78,4
146,136,3
117,53,4
72,73,9
19,67,1
129,60,1
89,67,3
45,35,6
37,19,2
106,136,6
63,17,1
104,117,11
89,33,1
82,85,2
137,136,5
67,82,5
86,52,4
81,92,5
73,11,2
98,36,1
83,117,10
82,145,3
33,84,2
47,48,9
27,11,1
1,115,1
83,85,2
96,115,3
49,60,1
107,58,5
64,135,4
104,130,5
115,88,3
62,43,6
52,98,2
75,70,1
93,65,21
123,66,1
62,54,10
47,7,2
7,27,2
47,85,2
87,64,5
47,71,2
35,26,2
17,25,2
26,75,4
46,113,3
107,149,2
66,113,7
71,74,9
64,84,17
69,46,4
129,54,1
54,84,13
83,33,3
82,68,3
94,33,2
33,83,3
11,66,1
119,95,1
129,82,5
134,82,1
33,2,2
115,89,1
115,74,8
83,25,1
47,36,7
42,118,2
33,68,1
82,96,2
21,55,4
21,76,3
113,43,3
65,114,2
35,67,1
37,64,2
113,119,4
54,37,3
53,70,3
85,107,5
77,35,7
135,82,7
139,136,1
45,124,4
73,135,7
69,92,7
94,68,20
84,80,2
62,10,1
46,8,1
75,62,9
104,22,4
11,42,6
72,81,2
47,79,4
92,65,14
58,65,8
55,69,1
58,125,5
87,47,8
36,86,3
124,88,3
108,43,1
128,49,1
119,87,6
128,71,2
94,119,9
107,79,6
35,126,1
125,53,5
35,102,6
127,87,6
112,84,1
80,130,1
129,47,2
68,63,4
68,136,3
77,59,6
82,69,3
98,130,4
55,86,8
109,68,4
137,148,1
60,77,1
94,138,1
98,58,3
93,62,18
144,78,2
54,80,3
68,84,4
125,85,2
47,103,9
67,50,1
45,43,6
69,94,9
92,37,6
92,32,3
117,75,11
138,117,2
32,26,1
102,138,4
74,89,2
126,89,3
113,145,8
56,54,7
54,56,4
69,98,14
79,98,2
87,113,2
44,34,8
144,72,2
11,84,2
148,136,3
76,33,1
37,136,2
44,104,3
97,46,3
72,82,12
73,107,3
10,83,2
71,87,1
82,25,1
45,126,4
92,67,11
84,62,5
47,22,2
52,117,2
117,72,1
113,77,3
25,37,1
18,118,2
47,33,4
69,45,4
119,114,1
65,58,9
27,128,3
58,106,4
37,103,7
79,125,2
88,25,1
37,130,2
68,145,1
48,83,2
103,89,2
11,48,1
11,10,1
11,63,3
62,46,2
115,72,2
63,33,8
63,25,1
75,119,5
84,89,3
103,32,2
130,113,1
71,65,3
46,130,2
52,21,12
22,93,2
27,130,1
96,124,2
46,38,2
55,37,4
69,52,3
32,32,8
21,121,1
35,65,2
27,125,1
57,48,5
37,18,7
53,114,7
42,45,4
47,87,61
57,42,1
42,42,42
125,55,2
57,54,1
97,93,13
128,42,1
129,57,4
86,57,3
58,119,1
129,85,5
126,114,12
114,146,2
117,83,6
45,102,12
97,61,1
94,48,1
46,97,2
146,135,2
73,67,5
145,98,2
98,115,2
79,77,4
126,57,3
102,1,1
82,117,4
82,130,3
65,80,2
45,128,6
36,92,11
62,77,8
87,65,5
66,38,2
92,98,2
144,80,2
94,80,8
73,85,1
69,17,1
93,59,1
92,58,3
92,1,3
83,21,2
53,86,7
53,112,1
124,97,4
55,96,3
23,63,1
85,113,1
52,25,1
88,127,4
144,66,2
145,118,8
139,69,2
56,64,4
92,127,7
67,144,1
73,68,3
80,94,4
83,121,2
102,16,1
56,129,4
136,54,1
42,93,3
75,43,6
43,96,2
27,77,4
127,27,1
16,13,2
64,37,3
58,109,1
54,118,4
57,47,7
71,36,2
66,22,6
22,75,2
146,149,2
68,89,5
65,97,4
71,129,2
62,121,2
25,58,1
89,58,3
36,56,12
27,75,2
27,107,3
65,86,6
80,82,5
59,76,1
85,47,1
67,34,3
77,71,4
139,129,1
149,126,1
102,22,3
83,131,1
52,67,6
32,11,3
85,94,6
82,52,3
33,118,2
149,127,2
69,136,8
114,55,2
136,62,2
57,93,1
109,118,4
74,130,2
48,136,1
106,78,5
55,88,1
72,74,8
37,48,8
48,72,1
46,22,2
22,102,2
86,127,3
115,26,2
83,109,1
88,67,5
129,79,3
74,47,8
43,26,1
26,34,2
59,74,2
44,76,4
76,81,2
64,35,1
77,137,1
85,71,2
106,71,1
79,66,3
108,134,4
77,81,4
78,25,1
102,96,14
96,113,2
77,109,5
79,129,3
129,63,3
68,86,9
98,62,1
75,27,2
37,86,3
128,145,21
78,86,7
98,96,8
74,42,10
86,138,1
128,72,2
73,28,1
37,54,4
92,69,3
97,35,2
64,96,3
54,57,1
56,33,4
56,108,2
69,79,5
36,94,6
36,57,3
102,48,2
46,34,1
57,58,8
65,108,7
22,103,4
102,43,6
57,45,1
107,48,6
98,117,7
77,130,8
78,94,7
36,45,18
77,17,2
43,54,4
83,98,3
64,53,7
72,55,3
83,96,6
73,97,3
63,27,3
25,86,1
109,82,2
108,59,4
21,12,5
52,118,3
68,78,19
125,36,2
146,139,2
126,66,5
102,34,2
110,110,2
85,93,1
56,36,2
87,109,3
96,98,4
106,113,4
129,48,2
76,129,9
117,43,1
35,92,3
89,57,1
87,43,2
63,106,3
115,64,3
64,72,3
79,118,7
97,64,3
34,34,5
55,33,2
84,42,4
104,77,5
60,66,2
115,108,8
47,75,8
58,89,2
89,92,2
53,1,2
52,127,4
52,73,9
126,85,2
54,127,4
66,11,2
33,94,1
45,69,3
107,52,4
146,92,6
16,53,1
26,71,1
75,109,3
87,46,2
78,63,2
63,18,2
83,36,5
104,44,3
75,33,2
46,87,1
102,89,4
80,58,1
49,56,1
57,117,4
19,94,1
47,93,22
55,73,5
53,46,14
102,95,3
92,80,9
97,144,4
56,22,7
57,82,2
125,89,2
45,85,1
65,32,4
42,73,3
127,66,4
75,26,3
54,88,1
89,87,4
43,84,3
93,89,2
85,97,4
92,33,6
54,113,2
52,128,6
45,72,2
44,84,11
44,86,1
84,96,8
130,137,1
36,59,2
59,83,2
87,52,5
52,125,7
94,69,3
65,79,2
98,48,1
107,34,1
25,26,1
16,35,1
62,35,2
52,48,1
55,125,3
65,57,5
103,13,1
117,44,4
46,83,1
45,80,3
45,77,7
37,125,2
57,65,4
47,8,1
68,83,4
67,21,3
33,57,1
103,44,3
63,37,6
82,126,2
71,54,2
53,97,4
67,49,14
56,6,1
58,75,15
134,94,3
76,82,6
136,56,3
104,137,4
128,21,2
77,55,7
33,55,5
32,74,5
64,136,3
105,105,33
43,45,2
84,98,4
83,37,7
124,67,3
37,47,15
78,83,6
115,119,1
46,102,4
115,16,1
18,53,3
128,36,3
64,44,5
92,18,2
17,66,1
66,25,2
62,73,9
129,146,2
65,48,4
115,65,2
136,113,7
117,146,3
115,106,3
73,44,2
61,136,1
18,11,1
63,126,10
92,10,1
76,62,4
47,86,5
53,118,9
104,58,3
103,59,3
83,16,2
84,79,2
57,63,5
85,69,2
124,44,4
94,43,4
46,64,2
16,37,4
84,10,1
72,97,2
53,89,2
88,48,2
71,46,1
53,104,10
92,129,10
93,68,6
18,26,5
85,65,1
114,42,1
97,98,9
42,74,5
48,45,3
84,43,4
62,108,3
108,66,14
135,55,4
85,86,4
78,124,1
89,94,2
137,68,1
59,88,1
65,78,3
89,32,1
137,135,5
108,11,2
119,86,3
136,53,3
104,54,4
57,73,1
84,138,4
83,59,2
67,46,7
62,127,2
82,67,4
83,12,1
113,67,3
126,52,3
93,96,12
118,146,3
37,73,1
88,84,4
56,3,1
137,146,2
119,137,5
64,107,3
107,26,1
27,78,4
78,103,2
128,52,6
44,7,1
55,25,1
102,79,2
63,16,1
77,62,4
57,84,17
84,129,8
69,126,1
44,124,2
92,68,5
97,119,10
65,50,1
74,115,5
71,96,1
75,145,1
127,137,4
65,18,2
18,18,10
92,96,7
45,135,1
98,19,1
127,124,5
126,47,3
21,42,6
21,83,2
21,37,2
27,87,1
21,26,2
21,145,1
56,126,2
145,53,3
26,86,1
102,8,2
18,145,1
27,129,1
45,97,3
44,36,7
26,55,1
126,11,1
11,21,6
103,48,4
48,102,4
27,59,3
69,84,22
88,106,4
86,69,3
57,44,2
36,64,4
76,98,4
56,15,1
27,54,4
34,56,1
68,117,5
94,57,7
18,65,2
62,34,4
44,32,4
11,22,7
52,16,1
67,35,4
79,144,1
12,12,2
21,49,1
83,46,6
63,11,4
11,74,1
135,89,3
102,10,5
62,128,4
32,53,8
43,23,3
137,96,1
42,36,2
36,128,4
42,113,1
68,103,3
108,49,2
63,79,2
135,12,1
83,18,5
76,37,1
64,22,3
68,27,6
66,16,3
16,82,1
71,67,1
80,107,2
67,127,1
96,58,1
117,114,3
43,87,4
62,26,2
78,27,1
114,1,1
103,46,3
93,67,10
62,48,3
72,68,1
57,27,7
66,21,3
73,134,3
72,46,2
27,1,1
1,37,1
62,78,2
118,37,1
27,2,1
118,52,7
52,130,2
97,130,4
114,121,1
106,69,2
69,36,2
57,107,6
115,32,2
84,17,1
148,82,1
149,75,1
43,93,6
73,56,3
72,104,2
54,104,3
144,76,1
42,98,1
64,33,1
59,78,4
64,46,3
108,26,3
52,89,1
99,58,1
37,49,4
112,93,1
86,55,4
55,56,8
46,18,1
55,46,6
144,128,8
85,37,1
48,88,1
96,127,2
11,67,1
93,10,1
42,21,2
36,88,2
65,102,6
102,25,3
11,94,1
62,97,2
43,33,4
46,93,2
45,115,2
63,70,1
57,130,4
78,80,1
138,106,2
46,45,4
37,62,2
47,16,6
86,22,1
42,64,1
42,33,1
57,96,1
65,107,3
48,128,5
44,82,3
113,17,1
117,55,2
104,17,1
17,40,1
48,8,1
102,69,3
117,79,5
136,119,1
89,69,6
99,87,1
135,130,2
71,77,3
70,117,1
116,115,1
77,44,2
97,10,1
85,76,5
1,18,2
47,92,7
58,130,2
84,46,4
126,82,3
57,136,1
73,138,2
138,81,1
84,57,5
76,69,10
124,64,3
144,104,8
44,87,4
87,48,3
86,68,6
95,145,1
71,135,2
57,64,4
58,79,1
94,27,3
135,48,1
126,98,4
87,119,7
114,47,1
48,98,1
124,50,1
84,26,2
105,86,1
56,94,6
81,75,1
126,134,12
58,95,1
92,34,1
94,121,1
92,134,11
92,26,4
67,8,2
97,69,3
85,124,3
118,46,1
45,46,10
46,25,1
42,81,1
92,117,8
11,115,1
61,98,1
98,82,2
124,86,2
128,79,7
128,28,1
73,21,1
22,45,1
65,98,1
89,114,1
59,77,2
68,119,4
108,72,1
72,136,3
83,43,7
93,145,11
119,79,1
58,121,1
77,54,5
69,70,1
26,98,1
35,108,1
48,92,5
58,32,1
72,42,3
52,138,2
129,109,7
55,89,2
52,37,5
21,124,1
145,107,7
129,96,8
37,52,3
45,42,5
93,139,1
47,149,1
148,60,1
94,134,9
115,84,2
127,103,1
84,149,1
71,35,4
62,20,1
64,68,2
35,83,1
26,88,1
89,1,1
127,75,1
42,88,1
136,71,4
50,66,1
42,65,4
52,68,3
69,88,9
73,35,2
115,115,25
55,32,1
145,82,2
106,72,2
144,145,4
124,73,3
73,118,2
104,35,2
107,53,3
16,27,6
115,127,3
47,1,1
144,21,1
11,7,1
66,33,3
66,60,4
27,117,2
113,57,2
54,36,5
45,21,2
102,97,10
21,107,2
139,76,1
113,107,4
87,54,8
104,149,1
127,145,3
22,97,1
47,42,2
55,145,2
128,146,5
58,28,1
44,19,3
114,69,1
79,27,1
27,19,5
78,53,3
78,54,1
58,80,1
46,49,1
49,22,1
32,135,1
136,98,2
115,53,2
36,72,2
45,96,1
71,56,3
108,69,13
139,128,2
46,36,11
68,37,9
21,98,1
17,64,1
1,21,4
83,79,2
86,98,2
72,129,1
47,108,5
104,45,7
92,138,1
33,64,2
137,114,3
114,96,2
22,25,1
19,43,1
52,54,8
54,33,2
74,48,2
66,80,4
48,114,1
96,44,1
78,96,2
55,128,4
58,107,5
82,65,8
135,57,1
16,74,1
26,6,1
15,27,1
37,55,5
94,79,1
25,18,2
27,84,1
46,84,3
44,47,7
136,106,4
125,48,1
36,7,1
26,72,1
45,71,8
124,77,3
79,117,3
130,98,8
126,36,2
113,97,3
66,119,4
58,124,3
144,73,1
94,91,2
128,99,1
79,126,1
21,65,3
78,56,3
1,130,1
92,78,5
54,78,3
53,81,5
81,81,3
124,35,1
35,54,3
22,54,1
55,119,1
53,18,4
135,35,1
113,48,1
75,2,1
134,66,2
135,137,4
42,115,1
66,126,5
63,144,9
36,127,1
102,58,3
124,62,5
42,75,3
93,88,3
12,22,1
69,55,4
89,135,2
144,109,1
1,54,1
1,36,2
134,74,2
109,66,1
69,134,2
136,121,3
43,10,1
107,63,15
68,80,2
74,13,1
69,44,1
65,144,1
47,19,1
55,106,2
67,33,1
46,76,8
144,134,6
106,62,1
73,108,2
117,109,7
43,61,1
47,32,3
10,63,1
8,15,1
53,67,19
78,76,14
62,113,2
57,56,6
26,89,1
125,68,4
1,84,2
84,21,1
82,78,1
77,36,9
113,144,1
130,127,3
130,96,2
92,85,4
127,130,1
127,93,1
72,76,2
47,97,2
114,130,2
86,85,1
57,108,2
117,134,1
104,109,1
44,11,1
107,36,2
17,17,5
119,66,3
66,136,4
107,31,1
146,114,2
114,108,4
93,121,4
34,107,1
44,10,2
62,49,1
54,89,1
89,56,1
55,18,3
144,47,1
64,42,2
129,139,4
98,21,1
63,28,1
18,102,2
82,26,2
50,84,2
92,57,2
21,23,1
137,134,3
135,56,1
81,94,2
94,146,3
31,130,1
11,27,3
78,37,1
138,146,1
54,43,4
76,42,3
42,27,1
37,82,2
93,22,2
117,58,7
113,129,3
37,11,1
45,25,5
54,17,1
45,129,1
145,137,2
144,113,8
109,117,2
1,11,3
78,64,1
21,54,1
75,126,5
114,68,1
127,63,2
134,108,2
69,129,3
94,88,9
35,73,1
83,144,4
76,134,1
115,96,2
117,74,5
75,22,5
85,75,7
58,64,1
113,46,1
56,78,3
82,97,5
106,53,2
82,42,3
58,29,1
18,69,1
65,52,9
134,107,3
47,124,1
134,52,1
102,57,6
26,19,1
22,82,1
103,17,3
56,89,2
115,97,3
98,69,4
114,88,3
98,92,6
44,24,2
106,138,2
119,144,4
119,104,7
86,44,2
21,73,1
1,12,2
89,98,3
89,127,3
136,81,1
32,55,2
74,85,5
125,86,6
36,10,2
53,49,2
69,109,2
139,87,1
69,102,2
22,12,5
69,53,5
26,5,1
119,74,3
93,123,1
93,137,2
83,127,2
83,58,8
93,49,3
46,74,4
65,129,2
17,24,1
130,93,1
92,49,1
49,107,1
68,53,5
18,92,2
146,144,2
136,88,4
56,59,1
56,72,2
49,134,1
37,16,4
93,105,4
105,55,1
69,89,7
145,75,2
44,118,5
84,34,2
54,11,2
107,105,1
10,67,1
134,96,1
114,71,4
73,117,2
124,80,3
113,64,2
92,46,3
57,129,3
93,129,3
64,118,1
55,124,2
85,119,3
52,26,2
145,88,2
127,70,1
144,137,3
1,92,3
80,76,1
45,10,1
86,82,3
88,114,2
80,57,1
54,82,2
48,43,2
67,17,3
56,98,1
68,85,2
81,82,2
55,81,1
89,109,2
127,144,2
98,145,2
48,84,2
119,36,1
88,94,12
98,148,1
77,113,3
55,118,4
35,64,1
77,42,3
10,52,3
135,96,2
92,43,3
97,59,4
17,8,1
42,10,1
72,43,1
108,8,1
134,97,1
95,84,1
47,80,1
86,81,2
33,27,1
137,102,2
48,56,4
23,53,4
32,37,1
88,52,2
87,33,2
79,96,1
130,138,4
62,85,1
27,115,1
47,62,1
47,102,5
59,127,1
32,33,2
112,102,1
22,1,2
55,19,2
49,125,1
65,127,3
98,114,3
27,25,2
123,92,1
81,104,1
21,126,3
145,56,1
63,145,3
107,95,3
106,22,1
43,117,3
22,13,1
78,104,2
43,62,2
37,21,4
8,16,1
26,108,1
11,55,2
97,137,1
34,92,2
45,127,1
78,70,2
42,72,2
92,55,4
69,86,6
48,97,1
68,137,1
83,89,1
115,37,2
98,84,4
74,134,2
64,97,2
97,18,1
18,103,4
104,26,1
55,22,1
1,103,1
113,117,2
125,131,2
89,84,5
125,71,5
73,16,1
85,44,1
36,106,1
25,76,1
11,35,1
53,16,3
134,118,1
72,35,1
114,72,2
32,42,1
97,48,2
119,109,4
46,92,4
106,44,1
128,22,1
97,36,3
21,118,2
92,137,2
87,26,4
97,55,3
42,52,8
104,105,8
63,130,2
117,149,3
84,105,6
71,105,2
85,46,2
42,31,1
119,10,1
106,85,1
40,48,1
10,33,1
11,93,2
52,36,4
72,77,3
115,86,2
47,88,24
47,89,4
88,85,2
32,46,1
98,70,1
134,86,1
76,60,1
146,89,1
121,125,1
144,93,10
80,66,2
48,16,1
137,37,1
42,102,2
42,80,2
72,126,2
98,79,1
82,106,5
18,81,1
135,63,4
16,18,1
54,128,6
104,81,5
36,22,2
85,74,3
78,48,2
98,124,2
72,45,2
1,44,2
52,23,2
17,27,2
83,148,1
103,16,2
21,56,2
80,104,4
71,43,2
71,119,2
68,127,4
80,117,1
109,77,1
97,57,2
117,82,3
117,130,11
47,137,3
107,42,1
138,103,3
68,36,3
48,60,1
67,19,2
67,139,2
80,63,5
73,136,2
119,68,2
130,82,1
36,52,4
65,11,4
36,35,1
97,27,1
37,96,1
129,83,6
138,104,2
109,119,3
145,96,1
75,17,1
113,37,2
53,88,3
15,94,1
86,35,1
138,102,3
93,35,4
93,95,1
144,83,4
146,130,1
64,80,1
64,77,3
64,88,1
12,21,1
137,62,1
19,128,1
18,83,2
65,13,1
22,87,1
18,16,3
75,72,6
54,115,1
78,26,2
32,47,1
66,15,1
42,104,2
33,71,2
57,37,5
46,48,5
125,67,5
65,26,3
17,65,1
118,80,2
109,107,2
96,57,1
85,128,3
107,54,6
113,85,2
57,7,1
113,138,2
17,35,1
139,49,1
48,138,1
53,38,2
49,59,1
73,47,3
59,49,1
89,97,3
109,63,3
26,97,2
131,93,1
74,26,3
146,113,1
69,18,2
16,65,1
22,37,2
96,104,9
106,114,3
149,119,1
124,117,2
101,84,1
83,13,1
135,117,6
103,121,4
69,137,1
75,130,7
77,60,2
108,73,1
26,43,2
43,48,1
72,75,3
72,87,1
18,107,1
125,56,1
37,81,1
124,144,4
124,13,1
69,138,2
102,85,6
108,52,4
52,64,8
81,71,4
22,10,6
42,17,1
21,25,1
35,36,1
98,42,1
67,40,2
11,32,3
10,74,1
94,37,5
58,42,1
79,76,2
78,114,2
66,144,1
77,30,1
84,27,1
16,108,2
108,137,2
83,146,1
126,28,1
92,146,4
136,52,1
126,68,2
57,115,1
107,73,5
52,97,1
87,35,2
72,124,1
96,65,2
72,80,3
94,21,4
32,75,1
138,135,2
58,54,3
83,49,2
37,76,2
58,44,3
49,98,1
86,129,3
75,59,3
79,107,1
81,102,9
56,113,3
88,56,1
102,11,2
75,134,1
65,125,43
97,47,5
77,39,1
65,33,2
103,137,2
137,86,2
102,18,4
138,113,2
98,127,7
32,2,1
73,42,3
16,52,1
86,64,3
92,60,1
22,44,2
72,134,2
108,62,1
57,145,1
130,56,1
67,62,2
55,130,1
130,73,1
127,77,4
76,85,4
33,76,2
53,24,1
146,78,1
80,85,1
58,53,1
118,45,6
45,113,3
94,131,1
61,118,1
119,92,4
117,47,3
127,85,2
124,89,1
88,17,1
88,65,1
42,86,1
85,57,1
46,96,1
84,148,3
94,59,2
42,103,3
146,137,1
145,89,1
27,71,1
65,59,2
17,46,2
32,131,1
16,104,1
119,16,1
129,36,1
119,57,1
124,131,1
137,113,2
144,115,2
82,108,2
124,119,3
36,40,1
145,85,1
43,25,1
55,68,3
71,11,3
66,32,3
62,135,2
43,11,3
33,67,1
57,102,1
10,92,1
75,25,2
144,22,2
23,52,2
117,54,2
85,73,1
118,16,1
33,69,1
21,46,1
73,58,1
55,12,2
12,52,2
64,87,4
49,49,4
16,129,2
26,102,5
58,26,2
67,126,4
21,125,1
137,106,1
78,92,1
106,16,1
26,52,4
69,74,12
89,68,2
1,96,1
124,146,2
88,124,2
88,64,1
68,65,5
1,113,1
135,43,2
144,58,1
50,68,1
128,13,1
129,102,1
82,44,1
104,89,2
83,119,1
11,56,1
1,58,1
33,66,2
22,66,3
103,109,2
82,45,3
68,55,1
113,106,1
81,33,1
22,84,1
117,145,6
126,88,1
66,138,3
104,62,3
53,135,5
74,60,1
144,132,1
73,76,1
126,144,4
1,66,1
119,115,2
114,44,1
138,148,1
96,130,2
114,58,1
54,119,2
58,20,1
54,124,1
109,58,2
87,42,2
11,124,1
137,125,2
136,75,7
76,28,1
86,89,1
119,70,1
106,56,1
85,83,3
107,43,1
43,125,3
130,144,1
139,88,1
77,139,1
144,97,4
54,138,1
46,75,7
21,80,1
22,31,1
102,78,3
97,82,3
25,47,1
12,93,1
63,69,2
69,65,2
32,10,2
84,72,7
62,89,2
113,28,1
28,18,1
116,47,1
1,26,2
68,146,1
47,135,1
135,109,1
78,58,5
66,1,3
88,58,2
67,145,1
97,52,2
64,115,1
22,58,1
84,1,3
81,52,3
67,85,4
69,71,1
73,88,2
54,129,1
63,131,2
74,37,4
117,48,2
113,149,1
42,84,1
108,71,1
93,69,2
85,54,1
55,127,5
63,109,1
49,18,1
68,135,1
53,23,3
79,92,1
144,146,2
26,24,1
24,24,1
112,76,1
96,78,3
54,1,1
98,113,1
138,93,2
85,67,2
128,44,1
34,125,3
47,72,2
82,36,1
146,73,1
85,68,1
84,35,4
79,53,1
94,130,3
88,74,1
114,46,1
37,40,1
32,117,1
36,30,1
73,33,1
88,139,1
44,96,3
70,70,3
106,144,1
118,22,1
102,13,1
32,94,1
43,58,1
43,126,2
134,127,2
129,72,1
139,107,1
27,13,1
21,74,3
21,58,1
21,68,1
21,84,1
10,10,3
117,139,1
139,52,1
93,42,7
44,98,3
93,17,1
18,75,1
74,33,1
71,55,1
80,121,1
81,2,1
1,109,2
63,8,1
94,10,1
106,36,1
53,98,1
94,148,1
79,68,4
94,23,1
87,124,1
64,119,1
36,84,2
130,62,1
71,136,2
138,54,1
117,36,2
74,27,3
36,118,1
96,56,2
18,108,1
32,45,2
45,8,3
43,115,2
94,85,5
109,130,1
64,81,2
98,63,2
49,87,1
21,77,2
124,76,4
89,145,1
70,84,1
92,91,4
125,112,1
121,121,8
37,43,1
146,102,2
86,45,1
137,117,2
74,109,2
83,50,1
49,48,1
106,11,1
124,53,5
18,13,1
47,25,1
68,115,2
128,46,3
32,16,1
80,86,1
66,13,1
75,50,1
50,50,1
68,45,2
86,33,1
22,109,2
73,105,1
55,48,2
48,130,1
66,81,2
26,130,1
114,34,1
128,11,1
126,64,3
135,58,2
47,49,2
92,109,1
21,35,1
53,61,2
89,129,1
36,82,2
36,135,1
69,38,2
36,134,1
27,102,3
139,79,1
35,50,1
57,26,2
43,28,1
27,83,5
127,82,1
94,17,1
127,47,1
124,27,1
98,49,1
49,47,1
107,116,1
125,82,2
43,13,1
75,19,1
128,19,1
83,145,1
84,81,5
144,95,1
93,31,1
86,134,2
80,139,1
43,34,1
18,104,1
48,42,1
86,25,1
112,124,1
52,34,2
125,42,2
83,130,5
81,26,1
81,36,1
113,47,1
47,104,2
64,127,2
129,81,1
138,44,1
78,14,1
115,44,1
63,26,1
82,115,3
68,21,1
26,68,3
57,1,1
69,135,3
103,26,2
134,73,2
117,148,1
106,79,2
16,124,1
69,26,2
134,78,1
73,124,3
144,126,4
98,52,2
10,45,1
98,47,2
47,113,1
104,27,2
26,117,1
104,146,2
129,55,1
108,70,2
55,28,1
144,131,1
114,45,1
103,49,1
136,49,1
89,74,2
79,83,1
62,36,4
75,49,2
144,119,2
88,79,2
119,65,2
82,46,3
52,27,2
44,26,4
137,75,2
76,27,3
80,126,2
74,61,1
71,131,1
92,131,1
46,1,1
45,50,1
47,73,1
83,17,1
57,17,2
76,73,2
17,33,1
48,23,1
43,1,1
128,95,1
32,125,2
67,71,3
113,44,2
83,80,3
130,60,1
26,1,1
81,57,1
22,88,1
124,75,2
148,108,1
134,59,1
72,10,2
145,149,1
77,13,1
109,87,2
52,124,4
57,36,1
145,106,3
58,59,6
34,66,2
27,52,1
70,102,1
113,137,1
136,43,2
113,1,1
10,32,1
32,102,2
79,86,2
32,22,2
115,22,1
21,67,2
47,64,3
53,129,3
56,32,1
43,92,5
73,81,2
26,9,1
9,9,1
80,22,1
18,17,1
17,55,1
135,87,7
107,44,1
94,8,1
137,92,1
146,115,2
45,34,5
130,72,2
37,107,1
144,96,1
78,130,3
23,23,3
64,113,2
115,114,4
125,45,2
92,144,2
55,24,1
104,32,1
125,72,4
43,104,1
82,43,3
21,138,1
79,88,2
118,36,3
75,21,2
16,66,1
70,89,1
75,114,6
37,114,1
80,46,1
36,102,4
78,73,1
124,43,3
23,94,1
85,125,2
43,118,2
58,34,1
44,114,1
129,37,1
55,42,1
105,104,1
48,113,1
43,60,1
73,130,2
75,121,2
94,139,1
54,135,2
85,82,1
44,1,1
85,130,2
62,61,1
22,56,1
11,65,4
114,54,1
18,46,1
56,106,2
37,119,1
10,103,1
88,55,1
96,82,3
84,60,1
127,134,3
77,121,1
57,53,4
115,54,1
135,59,1
63,98,1
48,35,1
73,27,1
63,13,2
95,102,2
52,61,1
137,127,1
82,17,1
114,57,1
124,52,1
33,44,5
52,126,3
18,77,2
35,25,2
2,33,1
88,53,1
56,48,5
83,22,4
85,102,3
85,64,2
37,22,2
42,44,2
49,58,3
44,128,4
44,97,2
26,79,1
135,62,1
8,56,1
104,76,4
58,25,1
1,74,1
125,25,1
26,94,2
56,62,1
62,119,1
129,59,1
21,44,1
12,42,1
11,26,1
26,103,3
42,12,1
55,16,1
129,144,3
98,54,2
92,148,1
138,75,1
16,19,1
124,16,1
18,63,1
139,127,1
57,97,2
43,128,1
33,125,3
130,145,1
1,104,2
26,62,2
67,10,2
89,117,1
98,137,2
144,57,1
92,54,3
46,98,2
18,67,2
71,117,1
108,36,1
118,72,1
119,40,1
129,40,1
114,87,4
146,94,1
94,137,7
56,85,1
54,30,1
86,73,2
128,6,1
47,130,2
72,107,2
42,37,1
124,71,2
96,92,2
137,48,1
77,21,1
64,106,2
32,25,1
145,55,1
46,43,1
54,10,1
86,115,1
16,47,3
135,36,4
37,135,1
112,65,1
144,86,1
88,102,1
54,81,1
93,79,1
81,84,1
64,32,1
96,68,1
136,82,1
136,78,2
38,47,1
10,18,1
1,85,1
62,118,2
44,35,3
44,58,4
22,69,1
44,16,1
22,86,1
37,32,1
85,129,1
86,117,5
119,148,1
148,129,1
86,59,1
46,89,1
59,69,3
98,57,2
53,25,4
139,135,2
92,79,1
115,40,1
22,34,1
112,63,1
26,29,1
56,42,2
130,59,1
86,58,2
48,78,1
88,131,1
131,135,1
72,22,1
96,114,2
73,57,1
25,36,1
104,47,1
71,78,1
34,45,2
94,16,1
27,68,3
52,70,1
94,109,6
88,36,2
135,78,3
130,22,2
124,55,2
82,135,3
42,79,1
80,73,1
102,38,1
75,13,1
10,53,1
66,139,1
85,80,1
73,69,1
85,72,1
56,25,1
114,77,2
104,79,2
87,71,2
35,52,1
74,145,1
104,69,1
89,52,1
77,8,1
64,52,2
53,128,3
64,71,1
59,117,1
17,47,1
46,104,1
87,27,2
64,38,1
139,138,1
43,134,1
97,80,1
49,76,1
43,21,1
144,75,5
146,55,1
144,37,1
138,78,1
45,134,1
56,136,1
96,136,1
80,56,2
65,71,1
114,98,1
63,61,2
126,67,2
113,21,1
96,89,2
25,23,1
136,146,1
32,23,1
25,21,2
55,57,2
119,89,1
77,148,1
135,131,1
1,67,1
92,12,1
22,125,1
1,55,1
113,86,1
121,103,1
113,58,2
127,102,2
98,27,1
138,92,2
27,76,1
26,21,2
83,8,1
64,125,2
109,109,7
137,27,1
42,136,1
83,134,1
119,47,2
145,119,1
42,1,1
75,95,1
49,144,1
37,24,1
71,114,5
32,108,2
64,49,1
48,53,1
45,144,1
63,3,1
33,77,1
45,81,1
87,146,1
43,130,1
76,146,1
73,115,1
107,27,3
54,144,1
25,1,1
22,23,2
86,145,1
115,52,3
43,73,1
52,88,2
135,80,1
46,68,8
78,109,3
97,126,2
125,139,2
121,42,1
121,52,1
8,49,1
114,56,1
79,85,1
87,1,1
48,55,1
57,118,5
84,130,2
64,126,1
19,92,1
10,94,1
21,71,2
104,46,1
43,68,1
119,82,1
128,16,1
21,135,1
137,87,2
109,85,1
62,17,1
96,62,1
102,59,2
89,64,1
89,124,1
48,54,1
27,43,1
134,32,1
115,130,1
55,49,1
55,114,1
55,1,1
24,26,1
80,72,2
97,115,2
63,149,1
26,64,1
55,21,1
69,148,1
26,63,2
128,55,2
94,60,2
124,127,2
56,21,2
92,11,1
126,72,1
113,96,2
52,135,1
37,89,1
136,149,2
118,73,1
126,44,1
44,40,1
34,68,1
45,33,2
57,32,1
57,33,1
136,105,1
118,54,2
34,43,1
96,49,1
49,128,1
125,1,1
57,94,8
130,124,1
103,85,3
57,60,1
49,26,1
18,8,1
27,137,1
49,38,1
88,146,1
58,55,1
108,54,1
76,109,2
96,134,1
89,48,2
47,117,1
149,52,1
149,129,1
149,136,1
146,88,1
26,135,1
135,119,4
54,98,1
124,68,1
35,33,1
54,48,1
106,121,2
137,52,1
18,7,2
64,43,1
68,70,1
53,28,1
82,127,1
117,34,1
115,78,1
146,54,1
113,27,1
81,74,1
63,134,1
22,32,3
69,12,1
72,1,1
104,34,1
43,18,1
128,33,1
33,102,1
74,119,1
97,54,2
25,69,1
37,106,2
109,27,1
102,70,1
48,12,1
33,36,1
58,19,1
80,127,1
62,32,2
48,115,2
71,115,2
135,18,1
144,71,1
103,21,1
54,96,1
43,49,1
103,29,1
49,53,1
55,43,1
97,49,1
64,19,1
66,28,1
56,2,1
72,118,2
85,106,1
95,135,1
45,117,2
63,97,3
98,135,1
69,115,1
76,137,1
93,91,1
95,94,1
36,13,1
64,21,1
107,56,2
109,104,1
23,33,1
32,144,1
42,23,1
125,47,3
77,145,1
67,15,1
84,123,1
76,114,1
45,98,1
48,21,1
42,56,1
43,80,1
144,35,1
37,117,1
97,70,1
81,56,1
134,98,2
138,107,1
127,96,3
127,42,2
79,113,1
127,56,1
118,123,1
119,102,1
85,117,1
121,111,1
111,111,1
55,71,1
75,34,3
44,88,1
88,71,1
129,105,1
135,73,2
114,52,1
145,42,1
43,47,1
35,71,1
18,34,1
107,11,2
69,62,1
65,148,1
106,89,1
61,103,1
113,89,1
135,138,3
27,88,1
85,42,1
109,138,1
119,38,1
115,138,1
77,22,2
145,73,1
92,112,1
27,112,1
27,146,1
94,22,2
114,106,3
96,85,1
72,67,2
85,89,1
114,65,3
135,105,1
35,44,2
131,104,1
74,105,1
94,18,1
68,40,2
33,108,1
134,44,1
127,58,2
68,22,2
146,124,1
42,55,1
146,118,1
1,82,1
118,99,1
121,81,1
121,71,1
121,53,1
121,104,1
34,82,1
81,65,2
69,43,1
106,43,1
33,107,1
94,105,19
103,23,1
22,104,2
144,42,1
21,82,1
79,89,2
22,61,1
75,81,1
48,82,1
118,38,1
48,125,1
135,85,1
60,89,1
136,46,1
62,114,1
52,49,1
54,86,1
59,58,1
144,77,2
136,58,1
113,54,1
80,88,1
78,52,1
72,32,1
113,16,1
97,72,1
144,46,1
131,83,1
64,124,2
130,75,3
37,72,1
47,139,1
139,103,1
82,18,1
103,105,1
63,105,2
134,137,1
96,71,2
108,17,1
126,55,1
80,45,2
135,54,1
136,91,1
80,113,1
134,106,1
52,57,2
82,57,1
85,126,1
53,13,1
52,69,1
70,69,1
121,63,1
93,85,4
16,80,1
118,32,1
136,139,1
85,43,1
67,105,1
80,87,1
64,117,1
25,93,2
1,124,1
37,28,1
47,28,2
126,33,1
57,11,1
63,138,1
107,37,2
81,124,1
57,104,1
45,109,1
69,64,2
149,107,2
130,1,1
34,83,1
79,47,1
131,125,1
114,53,1
96,149,2
36,117,1
82,121,1
114,129,1
144,130,3
93,8,1
48,63,2
48,119,2
108,139,1
72,65,3
125,109,1
72,88,1
84,121,1
11,45,2
89,102,1
64,69,1
117,22,1
73,96,2
42,13,1
102,105,1
80,77,2
138,64,1
11,82,2
102,111,1
145,59,1
48,107,2
104,10,1
54,58,1
126,56,2
86,18,1
144,62,1
109,79,1
138,62,1
74,11,1
27,21,1
102,17,2
53,137,1
74,138,1
95,37,1
65,134,1
26,7,1
44,18,1
65,126,2
138,66,2
1,46,1
36,80,1
73,127,1
58,149,1
26,104,1
40,49,1
49,37,1
46,114,1
62,107,1
45,1,1
62,115,1
114,64,1
103,1,1
16,115,1
103,95,1
80,135,1
75,61,1
35,56,2
53,85,1
130,102,1
87,11,1
107,16,1
138,139,1
36,33,1
126,137,1
87,95,1
87,70,1
119,62,1
84,33,1
129,49,1
18,119,1
35,94,1
108,95,1
95,93,1
98,22,1
136,44,1
56,80,1
42,135,1
22,64,1
18,44,1
71,130,1
89,144,1
62,69,1
117,10,1
117,49,2
104,48,2
48,64,1
94,25,1
56,1,1
59,84,1
32,106,1
33,1,1
106,42,1
74,25,1
124,85,1
73,131,1
127,52,2
27,6,1
11,104,1
113,87,2
11,71,1
68,23,1
55,136,1
1,77,1
36,70,1
102,139,1
139,104,1
16,36,1
109,98,3
80,74,1
69,16,1
59,68,1
58,104,1
47,134,1
73,55,1
21,69,1
53,19,1
97,16,1
97,123,1
36,68,3
54,34,1
93,13,1
13,25,1
53,3,1
42,83,2
80,136,1
12,36,1
130,65,2
32,82,1
27,124,1
114,48,1
33,32,1
25,53,1
94,34,1
34,42,1
75,138,1
21,86,1
19,58,1
37,9,1
34,65,1
34,103,1
1,71,1
22,79,1
113,123,1
92,116,1
49,66,1
52,17,1
22,9,1
46,118,1
21,17,1
27,113,1
137,149,1
11,62,1
11,92,1
70,67,1
11,19,1
85,26,1
85,79,1
78,145,1
81,117,1
45,79,1
22,89,1
96,55,2
58,16,1
119,49,1
135,139,1
89,85,1
62,136,2
108,55,1
125,133,1
80,11,1
79,64,1
10,73,1
22,35,1
48,104,1
145,10,1
98,53,1
71,126,1
146,67,1
146,69,1
16,55,1
87,60,1
137,77,1
22,67,1
117,81,1
117,144,1
119,44,1
144,44,1
74,79,1
68,8,1
33,87,1
96,42,1
47,115,1
79,42,1
46,115,1
114,133,1
62,130,1
52,13,1
1,31,1
98,55,1
125,69,1
48,94,1
74,1,1
108,105,4
69,105,5
113,105,1
79,128,4
57,105,5
57,106,4
108,27,1
79,84,1
115,146,1
89,63,1
52,35,2
34,72,1
36,28,1
67,22,1
118,120,1
56,97,1
56,49,1
26,82,1
146,64,1
47,119,1
78,85,1
126,69,1
42,34,1
129,35,1
117,35,1
121,93,1
138,96,1
123,102,1
52,144,1
75,23,1
83,105,1
85,27,1
44,99,1
66,146,1
35,84,1
55,70,1
57,78,1
37,10,1
47,106,1
11,108,1
108,18,1
28,75,1
92,95,1
67,61,1
22,83,1
44,71,1
102,112,1
32,88,1
118,11,1
145,68,1
78,45,1
113,131,1
114,123,1
144,89,1
43,113,1
72,146,1
74,59,1
62,126,1
134,115,1
149,109,2
34,55,1
79,130,1
115,73,1
108,61,1
82,27,1
65,117,1
65,130,1
46,131,1
43,85,1
62,87,1
71,57,1
69,125,1
117,64,1
33,117,1
54,18,1
149,26,1
138,86,1
135,149,1
138,87,1
37,15,1
36,49,1
84,59,2
142,86,1
61,72,1
113,112,1
80,35,1
96,21,1
96,46,1
36,25,1
25,46,1
129,70,1
86,80,1
36,12,1
71,48,1
96,144,1
102,12,1
137,47,1
76,26,1
46,71,1
82,144,1
48,59,1
103,79,1
87,18,1
83,11,1
86,1,1
88,49,1
49,93,1
62,144,1
37,29,1
146,108,1
28,66,1
80,47,1
124,36,1
137,107,1
115,80,1
125,70,1
145,62,1
68,102,1
43,27,1
76,10,1
40,88,1
72,47,1
